title,company,location,date
Senior Python Developer,"Payne, Roberts and Davis","Stewartbury, AA",2026-04-24
Energy engineer,Vasquez-Davidson,"Christopherville, AA",2026-04-24
Legal executive,"Jackson, Chambers and Levy","Port Ericaburgh, AA",2026-04-24
Fitness centre manager,Savage-Bradley,"East Seanview, AP",2026-04-24
Product manager,Ramirez Inc,"North Jamieview, AP",2026-04-24
Medical technical officer,Rogers-Yates,"Davidville, AP",2026-04-24
Physiological scientist,Kramer-Klein,"South Christopher, AE",2026-04-24
Textile designer,Meyers-Johnson,"Port Jonathan, AE",2026-04-24
Television floor manager,Hughes-Williams,"Osbornetown, AE",2026-04-24
Waste management officer,"Jones, Williams and Villa","Scotttown, AP",2026-04-24
Software Engineer (Python),Garcia PLC,"Ericberg, AE",2026-04-24
Interpreter,Gregory and Sons,"Ramireztown, AE",2026-04-24
Architect,"Clark, Garcia and Sosa","Figueroaview, AA",2026-04-24
Meteorologist,Bush PLC,"Kelseystad, AA",2026-04-24
Audiological scientist,Salazar-Meyers,"Williamsburgh, AE",2026-04-24
English as a second language teacher,"Parker, Murphy and Brooks","Mitchellburgh, AE",2026-04-24
Surgeon,Cruz-Brown,"West Jessicabury, AA",2026-04-24
Equities trader,Macdonald-Ferguson,"Maloneshire, AE",2026-04-24
Newspaper journalist,"Williams, Peterson and Rojas","Johnsonton, AA",2026-04-24
Materials engineer,Smith and Sons,"South Davidtown, AP",2026-04-24
Python Programmer (Entry-Level),"Moss, Duncan and Allen","Port Sara, AE",2026-04-24
Product/process development scientist,Gomez-Carroll,"Marktown, AA",2026-04-24
"Scientist, research (maths)","Manning, Welch and Herring","Laurenland, AE",2026-04-24
Ecologist,"Lee, Gutierrez and Brown","Lauraton, AP",2026-04-24
Materials engineer,"Davis, Serrano and Cook","South Tammyberg, AP",2026-04-24
Historic buildings inspector/conservation officer,Smith LLC,"North Brandonville, AP",2026-04-24
Data scientist,Thomas Group,"Port Robertfurt, AA",2026-04-24
Psychiatrist,Silva-King,"Burnettbury, AE",2026-04-24
Structural engineer,Pierce-Long,"Herbertside, AA",2026-04-24
Immigration officer,Walker-Simpson,"Christopherport, AP",2026-04-24
Python Programmer (Entry-Level),Cooper and Sons,"West Victor, AE",2026-04-24
Neurosurgeon,"Donovan, Gonzalez and Figueroa","Port Aaron, AP",2026-04-24
Broadcast engineer,"Morgan, Butler and Bennett","Loribury, AA",2026-04-24
Make,Snyder-Lee,"Angelastad, AP",2026-04-24
"Nurse, adult",Harris PLC,"Larrytown, AE",2026-04-24
Air broker,Washington PLC,"West Colin, AP",2026-04-24
"Editor, film/video","Brown, Price and Campbell","West Stephanie, AP",2026-04-24
"Production assistant, radio",Mcgee PLC,"Laurentown, AP",2026-04-24
"Engineer, communications",Dixon Inc,"Wrightberg, AP",2026-04-24
Sales executive,"Thompson, Sheppard and Ward","Alberttown, AE",2026-04-24
Software Developer (Python),Adams-Brewer,"Brockburgh, AE",2026-04-24
Futures trader,Schneider-Brady,"North Jason, AE",2026-04-24
Tour manager,Gonzales-Frank,"Arnoldhaven, AE",2026-04-24
Cytogeneticist,Smith-Wong,"Lake Destiny, AP",2026-04-24
"Designer, multimedia",Pierce-Herrera,"South Timothyburgh, AP",2026-04-24
Trade union research officer,"Aguilar, Rivera and Quinn","New Jimmyton, AE",2026-04-24
"Chemist, analytical","Lowe, Barnes and Thomas","New Lucasbury, AP",2026-04-24
"Programmer, multimedia","Lewis, Gonzalez and Vasquez","Port Cory, AE",2026-04-24
"Engineer, broadcasting (operations)",Taylor PLC,"Gileston, AA",2026-04-24
"Teacher, primary school","Oliver, Jones and Ramirez","Cindyshire, AA",2026-04-24
Python Developer,Rivera and Sons,"East Michaelfort, AA",2026-04-24
Manufacturing systems engineer,Garcia PLC,"Joybury, AE",2026-04-24
"Producer, television/film/video","Johnson, Wells and Kramer","Emmatown, AE",2026-04-24
"Scientist, forensic",Gonzalez LLC,"Colehaven, AP",2026-04-24
Bonds trader,"Morgan, White and Macdonald","Port Coryton, AE",2026-04-24
Editorial assistant,Robinson-Fitzpatrick,"Amyborough, AA",2026-04-24
Photographer,"Waters, Wilson and Hoover","Reynoldsville, AA",2026-04-24
Retail banker,Hill LLC,"Port Billy, AP",2026-04-24
Jewellery designer,Li-Gregory,"Adamburgh, AA",2026-04-24
Ophthalmologist,"Fisher, Ryan and Coleman","Wilsonmouth, AA",2026-04-24
"Back-End Web Developer (Python, Django)",Stewart-Alexander,"South Kimberly, AA",2026-04-24
Licensed conveyancer,Abbott and Sons,"Benjaminland, AP",2026-04-24
Futures trader,"Bryant, Santana and Davenport","Zacharyport, AA",2026-04-24
Counselling psychologist,Smith PLC,"Port Devonville, AE",2026-04-24
Insurance underwriter,Patterson-Singh,"East Thomas, AE",2026-04-24
"Engineer, automotive",Martinez-Berry,"New Jeffrey, AP",2026-04-24
"Producer, radio","May, Taylor and Fisher","Davidside, AA",2026-04-24
Dispensing optician,"Bailey, Owen and Thompson","Jamesville, AA",2026-04-24
"Designer, fashion/clothing",Vasquez Ltd,"New Kelly, AP",2026-04-24
Chartered loss adjuster,Leblanc LLC,"Lake Antonio, AA",2026-04-24
"Back-End Web Developer (Python, Django)","Jackson, Ali and Mckee","New Elizabethside, AA",2026-04-24
Forest/woodland manager,"Blankenship, Knight and Powell","Millsbury, AE",2026-04-24
Clinical cytogeneticist,"Patton, Haynes and Jones","Lloydton, AP",2026-04-24
Print production planner,Wood Inc,"Port Jeremy, AA",2026-04-24
Systems developer,Collins Group,"New Elizabethtown, AA",2026-04-24
Graphic designer,Flores-Nelson,"Charlesstad, AE",2026-04-24
Writer,"Mitchell, Jones and Olson","Josephbury, AE",2026-04-24
Field seismologist,Howard Group,"Seanfurt, AA",2026-04-24
Chief Strategy Officer,Kramer-Edwards,"Williambury, AA",2026-04-24
Air cabin crew,Berry-Houston,"South Jorgeside, AP",2026-04-24
Python Programmer (Entry-Level),Mathews Inc,"Robertborough, AP",2026-04-24
Warden/ranger,Riley-Johnson,"South Saratown, AP",2026-04-24
Sports therapist,Spencer and Sons,"Hullview, AA",2026-04-24
Arts development officer,Camacho-Sanchez,"Philipland, AP",2026-04-24
Printmaker,Oliver and Sons,"North Patty, AE",2026-04-24
Health and safety adviser,Eaton PLC,"North Stephen, AE",2026-04-24
Manufacturing systems engineer,Stanley-Frederick,"Stevensland, AP",2026-04-24
"Programmer, applications",Bradley LLC,"Reyesstad, AE",2026-04-24
Medical physicist,"Parker, Goodwin and Zavala","Bellberg, AP",2026-04-24
Media planner,Kim-Miles,"North Johnland, AE",2026-04-24
Software Developer (Python),Moreno-Rodriguez,"Martinezburgh, AE",2026-04-24
"Surveyor, land/geomatics",Brown-Ortiz,"Joshuatown, AE",2026-04-24
Legal executive,Hartman PLC,"West Ericstad, AA",2026-04-24
"Librarian, academic",Brooks Inc,"Tuckertown, AE",2026-04-24
Barrister,Washington-Castillo,"Perezton, AE",2026-04-24
Museum/gallery exhibitions officer,"Nguyen, Yoder and Petty","Lake Abigail, AE",2026-04-24
"Radiographer, diagnostic",Holder LLC,"Jacobshire, AP",2026-04-24
Database administrator,Yates-Ferguson,"Port Susan, AE",2026-04-24
Furniture designer,Ortega-Lawrence,"North Tiffany, AA",2026-04-24
Ship broker,"Fuentes, Walls and Castro","Michelleville, AP",2026-04-24
